{"cameraMode":{"drawMode":0,"name":"Shaded","section":"Shading Mode"},"sceneLighting":true,"audioPlay":false,"sceneViewState":{"m_AlwaysRefresh":false,"showFog":true,"showSkybox":true,"showFlares":true,"showImageEffects":true,"showParticleSystems":true,"showVisualEffectGraphs":true,"m_FxEnabled":true},"in2DMode":false,"pivot":{"x":1049.5672607421875,"y":737.2124633789063,"z":6.52685546875},"rotation":{"x":-0.0033097125124186279,"y":-0.0009030001820065081,"z":0.0000020335157842055198,"w":-1.0000272989273072},"size":600.7374877929688,"orthographic":false}