{"cameraMode":{"drawMode":0,"name":"Shaded","section":"Shading Mode"},"sceneLighting":true,"audioPlay":false,"sceneViewState":{"m_AlwaysRefresh":false,"showFog":true,"showSkybox":true,"showFlares":true,"showImageEffects":true,"showParticleSystems":true,"showVisualEffectGraphs":true,"m_FxEnabled":true},"in2DMode":false,"pivot":{"x":1291.746337890625,"y":660.4899291992188,"z":102.428466796875},"rotation":{"x":0.015308171510696411,"y":-0.010507728904485703,"z":0.0007379201124422252,"w":1.0002743005752564},"size":710.6226806640625,"orthographic":false}