{"cameraMode":{"drawMode":0,"name":"Shaded","section":"Shading Mode"},"sceneLighting":true,"audioPlay":false,"sceneViewState":{"m_AlwaysRefresh":false,"showFog":true,"showSkybox":true,"showFlares":true,"showImageEffects":true,"showParticleSystems":true,"showVisualEffectGraphs":true,"m_FxEnabled":true},"in2DMode":false,"pivot":{"x":1310.754150390625,"y":700.593017578125,"z":9.71380615234375},"rotation":{"x":0.013190123252570629,"y":-0.006902528926730156,"z":-0.00009200569911627099,"w":-0.9999217987060547},"size":585.670654296875,"orthographic":false}