{"cameraMode":{"drawMode":0,"name":"Shaded","section":"Shading Mode"},"sceneLighting":true,"audioPlay":false,"sceneViewState":{"m_AlwaysRefresh":false,"showFog":true,"showSkybox":true,"showFlares":true,"showImageEffects":true,"showParticleSystems":true,"showVisualEffectGraphs":true,"m_FxEnabled":true},"in2DMode":false,"pivot":{"x":1208.6444091796875,"y":636.4343872070313,"z":-50.5980224609375},"rotation":{"x":0.010837125591933728,"y":0.025535868480801584,"z":0.0005849883309565485,"w":1.0002838373184205},"size":665.63916015625,"orthographic":false}